USE `deliverIT`;

INSERT INTO `country` (id, name)
VALUES (1, 'Bulgaria'),
       (2, 'United Kingdom'),
       (3, 'Germany'),
       (4, 'France'),
       (5, 'Australia'),
       (6, 'USA'),
       (7, 'Canada');

INSERT INTO `city` (id, name, country_id)
VALUES (1, 'Sofia', 1),
       (2, 'Varna', 1),
       (3, 'Ruse', 1),
       (4, 'London', 2),
       (5, 'Berlin', 3),
       (6, 'Paris', 4),
       (7, 'Sydney', 5),
       (8, 'New York', 6),
       (9, 'Miami', 6),
       (10, 'Chicago', 6),
       (11, 'Ottawa', 7),
       (12, 'Vancouver', 7);

INSERT INTO `Address` (id, city_id, street_address)
VALUES (1, 1, 'ul. "Velbazhd" 26-28, 1517 kv. Vasil Levski'),
       (2, 2, 'ul. "Zornitsa" 5-1, 9009 Sveti Ivan Rilski'),
       (3, 3, 'ul. "Tetz-iztok" 7000, 7009 Eastern Industrial Zone'),
       (4, 4, 'ul. "London Borough of Merton'),
       (5, 5, 'ul. "Berner Str. 3-8, 12205'),
       (6, 6, 'Promotion 7 Boulogne, 35 Boulevard Jean Jaurès, 92100 Boulogne-Billancourt'),
       (7, 1, 'ul. "Pozitano" 78, 1309 g.k. Razsadnika - Konyovitsa'),
       (8, 1, 'ul. "Sveta Troitsa, 1309'),
       (9, 1, 'ul. "ul. "Ekzarh Yosif" 60-68, 1000 Sofia Center'),
       (10, 1, 'ul. "ul. "Pierce O''mahony" 53, 1612 g.k. Lagera'),
       (11, 1, 'ul. "309-ta" 331, 1336 zh.k. Lyulin 3'),
       (12, 1, 'ul. "Polkovnik Vladimir Serafimov", 1712 g.k. Mladost 3'),
       (13, 2, 'ul. "Perushtitsa" 8A, 8001 g.k. Lazur'),
       (14, 2, 'ul. "zh.k. Slaveykov 397-395, 8010 g.k. Petko R. Slaveykov'),
       (15, 2, 'ul. "ul. "Tsanko Dyustabanov" 24-26, 9009 Northern Industrial Zone'),
       (16, 2, 'ul. "ul. "Dubrovnik" 18, 9010 Levski'),
       (17, 3, 'ul. "ul. "Antim I" 59-51, 7001 Vezhdata'),
       (18, 3, 'ul. "Voyvodova" 36-54, 7002 Ruse Center'),
       (19, 7, 'Onslow Square, 19F'),
       (20, 7, 'Chelsea Road 193'),
       (21, 8, 'Manhatton Boulevard, E 77th ST'),
       (22, 8, '940 Madison Ave, NY 10021'),
       (23, 8, '25-10 30th Ave, Queens, NY 11102'),
       (24, 8, '22-06 31st St, Queens, NY 11105'),
       (25, 9, '7313 SW 107th Ave, FL 33173'),
       (26, 9, '801 Brickell Bay Dr, FL 33131'),
       (27, 10, '1805 N Ridgeway Ave, IL 60647'),
       (28, 10, '7435 W Talcott Ave, IL 60631'),
       (29, 11, '450 March Rd, Kanata, ON K2K 3K2'),
       (30, 11, '105 Schneider Rd Unit 130, Kanata, ON K2K 1Y3'),
       (31, 12, '1455 Quebec St, BC V6A 3Z7'),
       (32, 12, '3080 Prince Edward St, BC V5T 3N4');

INSERT INTO `warehouse` (id, Address_id)
VALUES (1, 1),
       (2, 2),
       (3, 3),
       (4, 4),
       (5, 5),
       (6, 6),
       (7, 10),
       (8, 15),
       (9, 30);

INSERT INTO parcel_Category (id, category)
VALUES (1, 'Appliances'),
       (2, 'Apps & Games'),
       (3, 'Arts, Crafts, & Sewing'),
       (4, 'Automotive Parts & Accessories'),
       (5, 'Baby'),
       (6, 'Beauty & Personal Care'),
       (7, 'Books'),
       (8, 'CDs & Vinyl'),
       (9, 'Cell Phones & Accessories'),
       (10, 'Clothing, Shoes and Jewelry'),
       (11, 'Collectibles & Fine Art'),
       (12, 'Computers'),
       (13, 'Electronics'),
       (14, 'Garden & Outdoor'),
       (15, 'Grocery & Gourmet Food'),
       (16, 'Handmade'),
       (17, 'Health, Household & Baby Care'),
       (18, 'Humans'),
       (19, 'Home & Kitchen'),
       (20, 'Industrial & Scientific'),
       (21, 'Kindle'),
       (22, 'Luggage & Travel Gear'),
       (23, 'Movies & TV'),
       (24, 'Musical Instruments'),
       (25, 'Office Products'),
       (26, 'Pet Supplies'),
       (27, 'Sports & Outdoors'),
       (28, 'Tools & Home Improvement'),
       (29, 'Toys & Games'),
       (30, 'Video Games');

INSERT INTO `user` (username, password, role)
VALUES ('matey', '1234', 0),
       ('tsveta', '1234', 0),
       ('vladislav', '1234', 0),
       ('garril', '1234', 0),
       ('plamen', '1234', 0),
       ('mira', '1234', 0),
       ('vanya', '1234', 0),
       ('zlatko', '1234', 0),
       ('Boyana', '1234', 0),
       ('Thad', '1234', 0),
       ('Tom', '1234', 0),
       ('Cindy', '1234', 0),
       ('thahit', '1234', 0),
       ('jordan', '1234', 0),
       ('lilly', '1234', 0),
       ('nadeja', '1234', 0),
       ('kostadin', '1234', 1),
       ('stefan', '1234', 1),
       ('stanimira', '1234', 1),
       ('ivo', '1234', 1),
       ('kalina', '1234', 1),
       ('bogomil', '1234', 1),
       ('kyle', '1234', 1),
       ('lorena', '1234', 1),
       ('adrian', '1234', 1),
       ('milan', '1234', 1),
       ('unknown','1234',1),
       ('admin','admin',2);


INSERT INTO `customer` (id, first_name, last_name, email, address_id, user_id)
VALUES (1, 'Matey', 'Todorov', 'matey.todorov@randommail.com', 7, 1),
       (2, 'Tsveta', 'Petrovaa', 'TsvetaStefanovaPetrovaa@calendartalk.co.uk', 8, 2),
       (3, 'Vladislav', 'Stoev', 'VladislavIvailovStoev@tennisprofile.co.uk', 9, 3),
       (4, 'Gavril', 'Vasev', 'GavrilAndreevVasev@builderweekly.co.uk', 10, 4),
       (5, 'Plamen', 'Bachev', 'PlamenStanislavovBachev@quickdiscussion.co.uk', 11, 5),
       (6, 'Mira', 'Dimitrova', 'MiraRadomirovaDimitrova@getpopcorn.es', 12, 6),
       (7, 'Vanya', 'Nikolova', 'VanyaVasilovaNikolova@websitecd.co.nz', 13, 7),
       (8, 'Zlatko', 'Dobrev', 'ZlatkoMitkovDobrev@devmanagers.co.uk', 14, 8),
       (9, 'Boyana', 'Adamova', 'BoyanaLyobenovaAdamova@designingadvice.ca', 15, 9),
       (10, 'Thad', 'Castle', 'T54Castle@bms.ny', 22, 10),
       (11, 'Tom', 'Brady', 'TomBrady@gmail.com', 25, 11),
       (12, 'Cindy', 'Tomkins', 'cindy5@gmail.com', 20, 12),
       (13, 'Thahit', 'Chong', 'Chong@motors.ch', 28, 13),
       (14, 'Jordan', 'Hemmings', 'JHemmings@builderweekly.com', 30, 14),
       (15, 'Lilly', 'Rose', 'Rose_Lilly@hotmail.com', 31, 15),
       (16, 'Grozdana', 'Pramatarova', 'GrozdanaYankovaPramatarova@stlouislighting.se', 16, 16);

INSERT INTO `employee` (id, first_name, last_name, email, user_id)
VALUES (1, 'Nadeja', 'Taneva', 'NadejaGavrilovaTaneva@phonespa.at', 17),
       (2, 'Kostadin', 'Zhelev', 'KostadinRadomirovZhelev@housingrate.hu', 18),
       (3, 'Stefan', 'Vasilev', 'StefanZhivkovVasilev@symphonymagazine.co.nz', 19),
       (4, 'Stanimira', 'Antonova', 'StanimiraStanimirovaAntonova@packagenews.fr', 20),
       (5, 'Ivo', 'Ilev', 'IvoLyobomirovIlev@crewinformation.cz', 21),
       (6, 'Kalina', 'Blagoeva', 'KalinaKrasimirovaBlagoeva@orthofresh.com.br', 22),
       (7, 'Bogomil', 'Svetkov', 'BogomilLubomirovSvetkov@flexphones.co.nz', 23),
       (8, 'Kyle', 'Edmond', 'Kyle_Edmond@deliverITsupport.co.uk', 24),
       (9, 'Lorena', 'Rae', 'Lorena_Rae@deliverITsupport.co.uk', 25),
       (10, 'Adrian', 'Becker', 'Adrian_Becker@deliverITsupport.co.uk', 26),
       (11, 'Milan', 'Kostov', 'MilanStanislavovKostov@movingfee.it', 27);
	 
INSERT INTO `parcel` (id, customer_id, warehouse_id, weight, category_id)
VALUES (1, 15, 8, '2.22', 8),
       (2, 9, 2, '0.23', 12),
       (3, 2, 2, '0.76', 25),
       (4, 4, 9, '2.44', 17),
       (5, 1, 8, '0.09', 11),
       (6, 13, 3, '1.63', 1),
       (7, 3, 9, '0.59', 5),
       (8, 12, 4, '2.94', 16),
       (9, 16, 9, '0.90', 21),
       (10, 7, 4, '4.51', 13),
       (11, 11, 2, '0.97', 8),
       (12, 7, 2, '1.97', 11),
       (13, 16, 2, '0.28', 21),
       (14, 6, 6, '2.16', 21),
       (15, 10, 1, '1.05', 8),
       (16, 3, 1, '2.70', 16),
       (17, 5, 4, '3.95', 15),
       (18, 9, 3, '1.28', 19),
       (19, 15, 5, '2.14', 13),
       (20, 15, 8, '1.03', 30),
       (21, 4, 2, '1.82', 14),
       (22, 7, 6, '0.34', 20),
       (23, 7, 5, '0.02', 11),
       (24, 10, 1, '0.50', 8),
       (25, 5, 5, '1.53', 22),
       (26, 3, 1, '3.65', 29),
       (27, 12, 5, '1.80', 19),
       (28, 3, 3, '3.78', 13),
       (29, 13, 9, '1.72', 8),
       (30, 7, 4, '0.69', 5),
       (31, 10, 2, '2.34', 22),
       (32, 13, 9, '5.08', 28),
       (33, 7, 1, '0.97', 22),
       (34, 10, 1, '1.80', 25),
       (35, 13, 4, '0.39', 21),
       (36, 2, 3, '0.19', 29),
       (37, 5, 4, '0.82', 13),
       (38, 10, 1, '1.20', 23),
       (39, 5, 7, '1.06', 3),
       (40, 8, 9, '1.27', 14),
       (41, 10, 1, '4.65', 12),
       (42, 3, 6, '0.27', 6),
       (43, 5, 9, '0.81', 15),
       (44, 14, 3, '2.28', 1),
       (45, 3, 9, '0.61', 15),
       (46, 12, 6, '2.56', 25),
       (47, 4, 7, '1.27', 20),
       (48, 9, 2, '0.20', 16),
       (49, 7, 7, '2.69', 5),
       (50, 2, 1, '0.18', 20),
       (51, 11, 8, '0.79', 23),
       (52, 12, 3, '0.07', 4),
       (53, 1, 1, '0.31', 19),
       (54, 6, 4, '1.38', 21),
       (55, 7, 2, '5.46', 20),
       (56, 10, 1, '1.06', 16),
       (57, 4, 5, '0.15', 26),
       (58, 11, 6, '1.34', 5),
       (59, 15, 7, '0.21', 24),
       (60, 4, 4, '1.81', 17),
       (61, 16, 5, '1.25', 20),
       (62, 1, 8, '1.32', 9),
       (63, 7, 7, '1.43', 8),
       (64, 14, 3, '0.31', 17),
       (65, 6, 8, '1.07', 15),
       (66, 9, 6, '2.06', 11),
       (67, 2, 7, '0.59', 23),
       (68, 11, 1, '1.56', 14),
       (69, 10, 8, '2.35', 4),
       (70, 2, 4, '1.64', 25),
       (71, 8, 2, '0.49', 10),
       (72, 3, 8, '3.12', 22),
       (73, 6, 1, '1.06', 13),
       (74, 8, 1, '1.05', 12),
       (75, 16, 3, '2.35', 15),
       (76, 12, 5, '0.13', 7),
       (77, 9, 8, '0.27', 15),
       (78, 10, 3, '1.40', 22),
       (79, 4, 6, '2.97', 25),
       (80, 4, 5, '1.07', 4),
       (81, 3, 3, '1.38', 21),
       (82, 4, 6, '0.31', 5),
       (83, 6, 4, '1.83', 3),
       (84, 5, 4, '2.20', 17),
       (85, 8, 7, '0.07', 12),
       (86, 13, 5, '3.30', 1),
       (87, 15, 6, '0.90', 17),
       (88, 4, 9, '1.95', 6),
       (89, 4, 5, '0.47', 5),
       (90, 10, 2, '1.93', 14),
       (91, 15, 1, '2.31', 13),
       (92, 4, 1, '1.76', 25),
       (93, 5, 2, '1.58', 22),
       (94, 7, 7, '1.94', 18),
       (95, 8, 8, '1.85', 15),
       (96, 3, 9, '0.87', 5),
       (97, 4, 6, '0.73', 21),
       (98, 11, 3, '2.02', 9),
       (99, 2, 4, '0.99', 5),
       (100, 15, 7, '1.02', 14);

INSERT INTO `shipment` (id, departure_date, arrival_date, warehouse_to_id)
VALUES (1, '2021-02-28', '2021-03-02', 2),
	   (2, '2021-02-28', '2021-03-05', 1),
	   (3, '2021-03-01', '2021-03-05', 3);


